lsoa_code,lsoa_name,lat,lon,all_ages
E01008881,Birmingham 067A,52.468175568282284,-1.81415897805619,1796
E01008882,Birmingham 066A,52.46637050858042,-1.828086415558686,2082
E01008883,Birmingham 078A,52.46379846616716,-1.8241449109089023,2023
E01008884,Birmingham 078B,52.46327982873214,-1.8321836654879649,2232
E01008885,Birmingham 076A,52.46068928203607,-1.8072142072072994,1310
E01008886,Birmingham 076B,52.46244378238804,-1.8118051107925375,1565
E01008887,Birmingham 078C,52.45974376819536,-1.820568933689657,1969
E01008888,Birmingham 076C,52.45740950642767,-1.8045528633986905,1649
E01008889,Birmingham 078D,52.45229197204229,-1.828886969067809,1796
E01008890,Birmingham 089A,52.454750056967605,-1.8208995474757497,1874
E01008891,Birmingham 089B,52.452295606178396,-1.8083371199443667,1616
E01008892,Birmingham 089C,52.45282107458363,-1.8243770941230815,1457
E01008893,Birmingham 089D,52.45138987763542,-1.8156022705061952,1744
E01008894,Birmingham 089E,52.44813833837973,-1.821062830629621,1671
E01008895,Birmingham 089F,52.44726437296216,-1.8115671974607317,1909
E01008896,Birmingham 066B,52.47216552207223,-1.8187809774375159,1963
E01008897,Birmingham 067B,52.471786269730075,-1.8132296921615116,2040
E01008898,Birmingham 066C,52.46925938222413,-1.8229134563231773,1746
E01008899,Birmingham 037A,52.507120720938325,-1.8757116686485176,1319
E01008901,Birmingham 037C,52.50309598204024,-1.8804170291333,1834
E01008905,Birmingham 040A,52.50133646277328,-1.911409717841817,1962
E01008906,Birmingham 049A,52.50047747360692,-1.9079482575693734,1956
E01008907,Birmingham 040B,52.5005414499271,-1.916424818392069,1856
E01008909,Birmingham 041D,52.498760366319885,-1.9041800769908788,2160
E01008910,Birmingham 050A,52.498799218952406,-1.8890272172175493,1826
E01008911,Birmingham 049B,52.49610231385979,-1.9036463914246107,1952
E01008913,Birmingham 050B,52.49612263078645,-1.8982227104013027,2235
E01008915,Birmingham 030A,52.51444593373827,-1.8778351212121165,1747
E01008916,Birmingham 037E,52.50988325891387,-1.882010781378369,1704
E01008917,Birmingham 102A,52.44005203160517,-2.006691561169695,1228
E01008918,Birmingham 094A,52.44360920416635,-1.9912862028693572,1728
E01008919,Birmingham 095A,52.442532112548086,-1.9826609914729767,1638
E01008920,Birmingham 094B,52.43944838968413,-1.9952256186537831,1285
E01008921,Birmingham 094C,52.443687141508875,-2.0143654123166344,1441
E01008923,Birmingham 102B,52.435514220170944,-2.0060180474267626,1536
E01008924,Birmingham 101A,52.43643552330316,-1.979410890055111,1520
E01008925,Birmingham 102C,52.4375829402742,-2.0119112575635034,1205
E01008927,Birmingham 102D,52.43267606121576,-2.012102755706982,1267
E01008928,Birmingham 102E,52.43087512435707,-2.005795348745452,1514
E01008929,Birmingham 106C,52.431428321858014,-1.9814635039984165,1598
E01008930,Birmingham 106D,52.421678759228726,-1.985289529362147,2001
E01008931,Birmingham 094D,52.44548591046281,-1.9937725862334812,1474
E01008932,Birmingham 111A,52.430517279036096,-1.872007195910756,1688
E01008933,Birmingham 105A,52.43112230927046,-1.863158145257661,1598
E01008934,Birmingham 105B,52.427513369245986,-1.8618157223625873,1452
E01008935,Birmingham 111B,52.42427397900386,-1.8723041127757416,1855
E01008936,Birmingham 111C,52.42596150482931,-1.8827330567977638,1674
E01008937,Birmingham 115A,52.42265947108884,-1.862844812218148,1696
E01008938,Birmingham 111D,52.422099863890466,-1.8674898358536125,1680
E01008939,Birmingham 111E,52.41890425245741,-1.8717097030960657,1663
E01008940,Birmingham 115B,52.4149384237722,-1.8601158071825616,1601
E01008941,Birmingham 115C,52.416994855069284,-1.8645867845305952,1602
E01008942,Birmingham 117A,52.4100360114857,-1.877191669331948,1623
E01008943,Birmingham 117B,52.41196910450514,-1.8796785551152526,1460
E01008944,Birmingham 115D,52.41174705241359,-1.8553800761204124,1809
E01008945,Birmingham 122A,52.41088183023802,-1.8697516339672209,1789
E01008946,Birmingham 122B,52.40745675390788,-1.872357679557405,1493
E01008947,Birmingham 122C,52.407673159159785,-1.8818737072722953,1351
E01008948,Birmingham 122D,52.40538064374971,-1.8839989979954195,1473
E01008949,Birmingham 122E,52.402521017807075,-1.8773781962021696,1190
E01008950,Birmingham 113A,52.42566439805501,-1.9466131041315478,1422
E01008951,Birmingham 112A,52.42509046643431,-1.934647500354372,1367
E01008952,Birmingham 112B,52.427011957948,-1.9214230526226084,1800
E01008953,Birmingham 107A,52.42436645653043,-1.915166824530802,1620
E01008954,Birmingham 113B,52.42206894646878,-1.951835966364641,1430
E01008955,Birmingham 112C,52.4261188332585,-1.9265834977723022,1617
E01008956,Birmingham 112D,52.4215397269235,-1.934868312856169,1403
E01008957,Birmingham 112E,52.418957401437176,-1.9233516368887489,1611
E01008958,Birmingham 113C,52.41922552812255,-1.957568836392391,1560
E01008959,Birmingham 116A,52.41635124839961,-1.9435916537222542,1727
E01008960,Birmingham 116B,52.41815606997721,-1.9328945815843521,1543
E01008961,Birmingham 116C,52.41524495979338,-1.9349671019384231,1439
E01008962,Birmingham 116D,52.41335985111805,-1.9535891482747427,2103
E01008963,Birmingham 107B,52.432646900830164,-1.907565347780452,1478
E01008964,Birmingham 107C,52.434720055663924,-1.9101921272878577,1457
E01008965,Birmingham 107D,52.42921530518224,-1.9122303249926103,1443
E01008966,Birmingham 107E,52.42407803510138,-1.9079748430701482,1833
E01008967,Birmingham 110A,52.42338079414154,-1.9002026868945634,1594
E01008968,Birmingham 110B,52.42420187622979,-1.8920087763459796,1816
E01008969,Birmingham 117C,52.420775940453275,-1.8831895360500606,1646
E01008970,Birmingham 110C,52.422371454517574,-1.9036237193670833,1457
E01008971,Birmingham 117D,52.41953963310167,-1.8926061514039063,1750
E01008972,Birmingham 118A,52.41806274033135,-1.9114012499518078,1877
E01008973,Birmingham 118B,52.41587104464025,-1.9052578425959439,1914
E01008974,Birmingham 118C,52.41277194339196,-1.8990112339316072,2786
E01008975,Birmingham 118D,52.41165491545982,-1.9123309019518786,1513
E01008976,Birmingham 121A,52.41039073985253,-1.8893588977123883,1530
E01008977,Birmingham 123A,52.41030249611205,-1.9188598044214646,1568
E01008978,Birmingham 121B,52.40559936913418,-1.8931548039958406,1291
E01008979,Birmingham 121C,52.40679492720938,-1.9074803998497654,1620
E01008980,Birmingham 121D,52.40537938011695,-1.8995087227735636,1780
E01008981,Birmingham 110D,52.428553835557146,-1.8959200250166872,1513
E01008982,Birmingham 079A,52.45474382486861,-1.9092491829558795,1672
E01008984,Birmingham 074A,52.45868861429039,-1.904668630181551,1782
E01008986,Birmingham 064A,52.47549736101655,-1.9467475844166575,1616
E01008987,Birmingham 064B,52.475603153124155,-1.932319580919169,1517
E01008988,Birmingham 064C,52.47409379902397,-1.936442011517476,2024
E01008989,Birmingham 064D,52.473205535825755,-1.9493901489410546,1664
E01008990,Birmingham 064E,52.46841424415549,-1.9328128464925363,1103
E01008991,Birmingham 064F,52.46912295936299,-1.9420996787864728,1858
E01008992,Birmingham 079C,52.46026343076016,-1.9373582799125824,1400
E01008994,Birmingham 074B,52.46841961993905,-1.91145156861471,1557
E01008995,Birmingham 134A,52.46570392505231,-1.9015918664270743,2468
E01008996,Birmingham 074C,52.46327903567723,-1.8972163190814906,1919
E01008997,Birmingham 074D,52.462815336919924,-1.9090494860145826,1591
E01008998,Birmingham 031A,52.511580042014586,-1.8381079885887408,1891
E01008999,Birmingham 031B,52.51338497706954,-1.84280247819844,1530
E01009000,Birmingham 031C,52.518327934885356,-1.8453184680465569,1792
E01009001,Birmingham 018A,52.53612757388751,-1.8409306748639513,1695
E01009002,Birmingham 023A,52.53335360010615,-1.8434750774602404,2076
E01009003,Birmingham 018B,52.532140539713076,-1.8267097840666957,1815
E01009005,Birmingham 025A,52.53086187432441,-1.8184029698720174,1781
E01009006,Birmingham 023C,52.53064717032897,-1.8412270582866528,1625
E01009007,Birmingham 023D,52.5267028761103,-1.8398134540962112,1885
E01009008,Birmingham 141A,52.524235804012456,-1.8272193954563973,1462
E01009009,Birmingham 025B,52.52559513061462,-1.8188967322595473,1489
E01009011,Birmingham 141B,52.520233902898596,-1.8204842342240999,1753
E01009012,Birmingham 141C,52.52110722241806,-1.8338166064649297,1475
E01009013,Birmingham 031D,52.52016350018587,-1.839832782623233,2150
E01009014,Birmingham 090A,52.445697359994284,-1.8443746269710102,2644
E01009015,Birmingham 089G,52.443598173955365,-1.81857535624459,1840
E01009016,Birmingham 098A,52.4408835134409,-1.8370347039892032,1636
E01009017,Birmingham 097A,52.44488044494514,-1.8495263232037347,1756
E01009018,Birmingham 090B,52.4446783950582,-1.8288703173722998,1871
E01009019,Birmingham 103A,52.43594691935915,-1.8206213234544626,1776
E01009020,Birmingham 103B,52.440779065939246,-1.824776993250565,1541
E01009021,Birmingham 103C,52.4404109829256,-1.8185434388611963,1765
E01009022,Birmingham 098B,52.438138283278015,-1.8318358164792976,1843
E01009023,Birmingham 098C,52.43362656524074,-1.833206425453211,1704
E01009024,Birmingham 103D,52.431852193551975,-1.8260915388345984,1780
E01009025,Birmingham 103E,52.43269699373714,-1.8204886760626249,1529
E01009026,Birmingham 090C,52.45059690736038,-1.840663567535407,2020
E01009028,Birmingham 090D,52.448917441607215,-1.8370115045799487,1860
E01009029,Birmingham 090E,52.44820018259537,-1.8326273849933779,1555
E01009030,Birmingham 098D,52.43605737948057,-1.8409300263768034,1971
E01009031,Birmingham 105C,52.43044102719626,-1.8499515626493448,1847
E01009032,Birmingham 108A,52.43101786734153,-1.837294377638596,1929
E01009033,Birmingham 103F,52.42772337469163,-1.8298523609229096,1931
E01009034,Birmingham 108B,52.42679025782103,-1.8456766179491693,1770
E01009035,Birmingham 108C,52.427000634753966,-1.8361321445063574,1905
E01009036,Birmingham 108D,52.421964112841806,-1.8407529003909338,1568
E01009037,Birmingham 105D,52.4247520847701,-1.8543909205737397,1928
E01009039,Birmingham 132A,52.41807158118152,-1.8449598995945982,1802
E01009040,Birmingham 132B,52.419629833889324,-1.849499757394414,1835
E01009041,Birmingham 132C,52.41638804167812,-1.8395940340850159,1736
E01009042,Birmingham 132D,52.412675116785216,-1.8466373814121404,1365
E01009043,Birmingham 097B,52.44131474807438,-1.8473094926853146,2120
E01009044,Birmingham 097C,52.441400556016156,-1.8568660991290984,1799
E01009045,Birmingham 097D,52.43883608544825,-1.8507420911474148,2068
E01009046,Birmingham 097E,52.435821989013675,-1.8523895232747318,1830
E01009047,Birmingham 040C,52.504864767015846,-1.90953329941434,1798
E01009048,Birmingham 040D,52.50463686185989,-1.915588716352586,2073
E01009049,Birmingham 032A,52.51429224345654,-1.9181096833585323,1708
E01009050,Birmingham 035A,52.51465255711889,-1.9113002819560907,2339
E01009051,Birmingham 033A,52.513365549511306,-1.895342289556724,1755
E01009053,Birmingham 033B,52.51251473741812,-1.8897964781620715,1606
E01009054,Birmingham 033C,52.51146595661583,-1.89723799866918,1658
E01009056,Birmingham 032B,52.50831979743981,-1.9209566556125106,2249
E01009057,Birmingham 035D,52.510538405109884,-1.913634439751261,2052
E01009058,Birmingham 033D,52.51073980439509,-1.8920560570459355,1983
E01009059,Birmingham 035E,52.50948091394064,-1.9091662759116363,1783
E01009060,Birmingham 035F,52.50666582616254,-1.9028741990446547,1722
E01009061,Birmingham 033E,52.50713330062229,-1.8958804483023473,1793
E01009062,Birmingham 040E,52.505187411323874,-1.9053086591090513,1864
E01009064,Birmingham 095B,52.44529795516773,-1.9659254537617068,1534
E01009065,Birmingham 075A,52.463923881513814,-1.9524035953909356,1693
E01009066,Birmingham 073A,52.46782144678864,-1.9611784572734887,2003
E01009067,Birmingham 075B,52.46199758404806,-1.9582196174535738,1554
E01009068,Birmingham 075C,52.45881889236083,-1.9521523836274122,1565
E01009069,Birmingham 075D,52.46043023558527,-1.9466589207061924,1703
E01009070,Birmingham 073B,52.45794838491389,-1.9710367158065658,1613
E01009071,Birmingham 087B,52.454080283837726,-1.958555334426607,1706
E01009072,Birmingham 075E,52.45643133485521,-1.9629773555244294,1757
E01009073,Birmingham 085A,52.45287456924121,-1.9776563687459576,1793
E01009074,Birmingham 085B,52.454693906249275,-1.9750222900959618,1775
E01009075,Birmingham 087C,52.453938445853154,-1.9486232770053995,1572
E01009077,Birmingham 095C,52.448256637654815,-1.9604579106982984,1579
E01009078,Birmingham 087E,52.44626034819503,-1.950868027900023,1511
E01009079,Birmingham 141G,52.50575427249944,-1.8115284486182877,1344
E01009080,Birmingham 141F,52.506494091248,-1.8022035972001378,1343
E01009081,Birmingham 141H,52.505065492232816,-1.8081949959313348,1398
E01009082,Birmingham 044A,52.50421562622854,-1.8220143944644067,1517
E01009083,Birmingham 141I,52.50298634396034,-1.801986152655019,1555
E01009084,Birmingham 042A,52.50094586522214,-1.8101912703252352,2045
E01009085,Birmingham 042B,52.499183164193724,-1.8147862623421038,2153
E01009086,Birmingham 044B,52.49959764420573,-1.8233826870714955,2278
E01009087,Birmingham 042C,52.498401731448276,-1.8018201259344253,1825
E01009088,Birmingham 045A,52.49871080378041,-1.7954763603654322,1595
E01009089,Birmingham 042D,52.49434557813035,-1.8043148406046248,1838
E01009090,Birmingham 042E,52.49404304931946,-1.8119975249512992,2178
E01009091,Birmingham 045B,52.49251448718076,-1.793024957394141,1661
E01009092,Birmingham 054A,52.48926116362692,-1.8006632226456456,1765
E01009093,Birmingham 054B,52.48875223294287,-1.7915539435125947,1748
E01009094,Birmingham 054C,52.48589032570669,-1.7978015152697608,1624
E01009095,Birmingham 056A,52.48764052889899,-1.806928317259515,1906
E01009096,Birmingham 029A,52.52261235578222,-1.7899730027782579,1634
E01009097,Birmingham 029B,52.517966172342646,-1.7843003177554602,2052
E01009098,Birmingham 025C,52.52256220784331,-1.8099886255678974,2108
E01009099,Birmingham 029C,52.519709125985564,-1.7884837909931166,1755
E01009100,Birmingham 025D,52.522661911740975,-1.8147233721010985,1928
E01009101,Birmingham 029D,52.5168709664455,-1.7926177762300788,1561
E01009102,Birmingham 141E,52.516026065923135,-1.825416141672596,1634
E01009103,Birmingham 029E,52.51411029871477,-1.7923194023577909,1571
E01009104,Birmingham 141D,52.51428410001292,-1.8311426036870857,1718
E01009105,Birmingham 025E,52.52436924617086,-1.79915406288877,1812
E01009106,Birmingham 029F,52.523884011876405,-1.7821946804523783,1304
E01009107,Birmingham 128A,52.40074090793386,-1.9293874277448957,1589
E01009108,Birmingham 127A,52.40129741293635,-1.940528590078344,1077
E01009109,Birmingham 123B,52.40285534165229,-1.9206149057205553,1301
E01009110,Birmingham 128B,52.39890194460657,-1.926607985295699,1346
E01009111,Birmingham 127B,52.39928915950062,-1.9464065253923726,1576
E01009112,Birmingham 127C,52.39687945512409,-1.9526653904555966,1571
E01009113,Birmingham 128C,52.3970377471636,-1.9371391770507822,1787
E01009114,Birmingham 128D,52.395132397356285,-1.943770492285254,1430
E01009115,Birmingham 128E,52.39236448763745,-1.937064197945437,1423
E01009116,Birmingham 127D,52.40795712693386,-1.936712331824777,1353
E01009117,Birmingham 126A,52.407245869190724,-1.949231025215353,2084
E01009118,Birmingham 127E,52.40364702994305,-1.9476043552638496,1579
E01009119,Birmingham 123C,52.4056161271579,-1.929175324904552,1425
E01009120,Birmingham 123D,52.40593347124471,-1.9191770692075187,1898
E01009122,Birmingham 014B,52.54157334816965,-1.8719643609494627,1664
E01009123,Birmingham 022A,52.53263003010337,-1.8733331844728183,1639
E01009124,Birmingham 022B,52.53058850191077,-1.8755545589115319,2121
E01009125,Birmingham 022C,52.526066288160074,-1.8745012235636132,2063
E01009126,Birmingham 026A,52.526868751286024,-1.8658987818335173,1448
E01009127,Birmingham 011A,52.55250639526862,-1.8737553087054466,1529
E01009128,Birmingham 011B,52.552347671200245,-1.8793647832664446,1360
E01009129,Birmingham 014C,52.54874098267584,-1.868976188339489,1578
E01009130,Birmingham 011C,52.54799545158465,-1.8769142331472277,1538
E01009131,Birmingham 011D,52.548377641114655,-1.881780632365678,1425
E01009132,Birmingham 014D,52.54558656826135,-1.8644013948576736,1583
E01009133,Birmingham 011E,52.54524003866642,-1.8734223421998975,1436
E01009134,Birmingham 011F,52.5433043116796,-1.8815793736602857,1804
E01009135,Birmingham 010A,52.54120920278194,-1.85763217903252,1395
E01009136,Birmingham 014E,52.541012108674785,-1.8647532314140205,1834
E01009137,Birmingham 011G,52.539769691333206,-1.878766044415618,1603
E01009138,Birmingham 060A,52.47991918606648,-1.95867208921404,2233
E01009139,Birmingham 060B,52.480360604629645,-1.9633572532030967,1646
E01009140,Birmingham 060C,52.480102625246126,-1.9437148434872866,2250
E01009141,Birmingham 137A,52.482422432081684,-1.9218691042962257,1884
E01009143,Birmingham 136A,52.47757907082869,-1.925406705938076,1838
E01009145,Birmingham 060D,52.47979180131425,-1.9511545118163371,1977
E01009146,Birmingham 136B,52.47349868020553,-1.912281640924934,2635
E01009147,Birmingham 060E,52.47513589154114,-1.9601802603269434,1847
E01009151,Birmingham 053A,52.485071281081986,-1.9486060260407907,2140
E01009152,Birmingham 053B,52.48527473958197,-1.9444716013548706,1880
E01009153,Birmingham 053C,52.483904376942306,-1.934530256527928,2093
E01009155,Birmingham 125B,52.405096009199625,-2.0263298357314414,1343
E01009157,Birmingham 125D,52.40702453800044,-2.009667022054952,1431
E01009158,Birmingham 129A,52.403292042227385,-1.9938818617304326,2277
E01009159,Birmingham 130A,52.39967504980108,-2.0100777054800334,2250
E01009160,Birmingham 125E,52.398468035496414,-2.018730580478407,1575
E01009161,Birmingham 125F,52.402456977268436,-2.027059505835438,1380
E01009162,Birmingham 124A,52.40110483472811,-1.9857270892469165,1597
E01009164,Birmingham 130B,52.39090623209551,-2.0099464115341927,1415
E01009165,Birmingham 129C,52.39352274980443,-1.994343100712102,1411
E01009166,Birmingham 131A,52.39281604213696,-1.9799483858903106,1340
E01009167,Birmingham 130C,52.39417688691909,-2.006184901244191,1447
E01009168,Birmingham 131B,52.391359341813505,-1.97631660732082,1445
E01009169,Birmingham 129D,52.392311910389985,-1.9985077652852026,1693
E01009170,Birmingham 131C,52.390893210557934,-1.9711484515435251,1504
E01009171,Birmingham 130D,52.3888431131205,-2.004326707118665,1648
E01009172,Birmingham 119A,52.4131703353655,-1.9868394975887964,1439
E01009173,Birmingham 119B,52.411168307868046,-1.9933775353370042,1730
E01009174,Birmingham 119C,52.40785525573553,-2.003394407758243,1174
E01009175,Birmingham 104A,52.43271528583339,-1.8885157524109009,1422
E01009176,Birmingham 105E,52.43648436665383,-1.8649656452471006,1750
E01009177,Birmingham 104B,52.43498367204234,-1.8990013675425423,1553
E01009178,Birmingham 104C,52.43506035485773,-1.8943017244811793,1638
E01009179,Birmingham 104D,52.43005451671513,-1.887265763987643,1707
E01009182,Birmingham 092A,52.45323481200733,-1.8914304707969283,1582
E01009183,Birmingham 088C,52.44727187670444,-1.8983546529879034,1667
E01009184,Birmingham 092B,52.445717638408674,-1.8898020508098718,1556
E01009185,Birmingham 093A,52.44137514566617,-1.8756953627423443,1705
E01009186,Birmingham 088D,52.44206024278172,-1.9046233489516686,1847
E01009187,Birmingham 092C,52.44159894551179,-1.88413375833579,1500
E01009188,Birmingham 092D,52.438845502116365,-1.8877398833432406,1483
E01009189,Birmingham 104E,52.43631493002984,-1.883108462664358,1393
E01009192,Birmingham 052B,52.48684276586212,-1.8545850114225755,2767
E01009195,Birmingham 058A,52.48566050520446,-1.841400762128701,2698
E01009197,Birmingham 058C,52.48127328893172,-1.8400641158335367,1903
E01009199,Birmingham 052D,52.479149798826015,-1.8694295175935098,1450
E01009200,Birmingham 139A,52.47650484040005,-1.8718845303267049,1827
E01009201,Birmingham 043A,52.498155825674445,-1.8676491357098153,1993
E01009202,Birmingham 043B,52.50322229647254,-1.86392987378958,1803
E01009204,Birmingham 052E,52.488031890840375,-1.8775933959324493,2192
E01009205,Birmingham 120A,52.41051680497687,-1.9586546223650285,1564
E01009206,Birmingham 120B,52.40923084402777,-1.9710842802763429,1529
E01009207,Birmingham 124B,52.40825248011515,-1.9805175074909764,1615
E01009208,Birmingham 124C,52.40392700372989,-1.9826808896534474,1664
E01009209,Birmingham 124D,52.4046199130986,-1.9729559877315312,2037
E01009210,Birmingham 126B,52.40494263479058,-1.9645137012127496,1757
E01009211,Birmingham 120C,52.406085061186694,-1.9577860061439916,1419
E01009212,Birmingham 126C,52.399057722073884,-1.9640195681633115,1801
E01009213,Birmingham 124E,52.399461142120174,-1.976025307252547,1620
E01009214,Birmingham 126D,52.40215899153039,-1.9565009488821232,1595
E01009215,Birmingham 126E,52.397147512918146,-1.9730852041788638,1842
E01009216,Birmingham 131D,52.394138091813225,-1.962119284216726,2086
E01009217,Birmingham 131E,52.39259119877082,-1.9576642159811497,1533
E01009218,Birmingham 120D,52.41604425047429,-1.9571301246472812,1644
E01009219,Birmingham 120E,52.412474915768684,-1.968378625624372,1490
E01009220,Birmingham 008A,52.5566614595478,-1.8955153154797206,1584
E01009221,Birmingham 007A,52.55528766568329,-1.8830680052185031,1517
E01009222,Birmingham 008B,52.555510895423275,-1.8897893336653608,1521
E01009223,Birmingham 013A,52.55173584120978,-1.9055885851859171,1585
E01009224,Birmingham 008C,52.551727423040305,-1.891531481981038,1432
E01009225,Birmingham 013B,52.54738750546884,-1.8967832235248578,1643
E01009226,Birmingham 017A,52.54690622833989,-1.8883316818280353,1481
E01009227,Birmingham 013C,52.53986236640925,-1.8944683257198258,1641
E01009228,Birmingham 013D,52.543347850626986,-1.8974440005087942,1585
E01009229,Birmingham 017B,52.5396693245168,-1.8912828120154932,1604
E01009230,Birmingham 017C,52.54076040866198,-1.8866528411255292,1656
E01009231,Birmingham 017D,52.53546336942957,-1.8835872416133541,1910
E01009232,Birmingham 022D,52.532870301214444,-1.892184085901129,1599
E01009233,Birmingham 008D,52.55894399763617,-1.8886158173830407,1641
E01009234,Birmingham 019A,52.53414428046334,-1.9070371941121385,1479
E01009235,Birmingham 016A,52.53655574030815,-1.9258866205754814,1703
E01009236,Birmingham 019B,52.53642272550297,-1.9111626643989115,1583
E01009237,Birmingham 024A,52.53262894804947,-1.9246989789832825,1508
E01009238,Birmingham 024B,52.53362789805013,-1.9169751624679408,1775
E01009239,Birmingham 033F,52.52386588333241,-1.8985673883267735,1508
E01009240,Birmingham 024C,52.529347787559736,-1.9205528357837998,1497
E01009241,Birmingham 024D,52.52862543048091,-1.9126871308360316,1794
E01009242,Birmingham 024E,52.52238021968147,-1.9049725327871603,2098
E01009243,Birmingham 016B,52.54376731188005,-1.9163961895037542,1876
E01009244,Birmingham 019C,52.53934032437996,-1.904624295071273,1889
E01009245,Birmingham 016C,52.543499580382,-1.9273181924133638,1435
E01009246,Birmingham 016D,52.54174524309353,-1.9227067495598122,1568
E01009247,Birmingham 016E,52.53822298681732,-1.918264676899505,1542
E01009248,Birmingham 019D,52.537896381795946,-1.8999665889845063,1723
E01009249,Birmingham 080A,52.45778623522474,-1.9962902020334405,1548
E01009250,Birmingham 080B,52.458210226415126,-2.009039486087473,1740
E01009251,Birmingham 080C,52.46184371649684,-1.9954801698841642,1551
E01009252,Birmingham 073C,52.46160513661989,-1.969927033387729,1626
E01009253,Birmingham 080D,52.459570993473456,-2.00240383727472,1627
E01009254,Birmingham 085C,52.46056778868228,-1.9825515548816088,1988
E01009255,Birmingham 080E,52.45430569867724,-1.9886718205268852,1517
E01009256,Birmingham 085D,52.45717724852146,-1.9848539226901198,1695
E01009257,Birmingham 080F,52.45489856320967,-1.9939173732063085,1639
E01009258,Birmingham 085E,52.45225041024018,-1.9827402657085926,1537
E01009259,Birmingham 094E,52.452235402080646,-1.9977728876891065,1753
E01009260,Birmingham 073D,52.46696136171167,-1.971463285521996,1618
E01009261,Birmingham 073E,52.46390237113748,-1.9822673184240287,1729
E01009262,Birmingham 133A,52.52026373542272,-1.9225040301976066,1816
E01009263,Birmingham 032C,52.51571022618015,-1.924457829047105,1653
E01009264,Birmingham 032D,52.517477387177685,-1.9349621009902163,1885
E01009265,Birmingham 032E,52.51462084680593,-1.9314959854674112,1857
E01009266,Birmingham 034A,52.514012881098466,-1.9391433008026164,1816
E01009267,Birmingham 133B,52.52011923992963,-1.935594962504515,1870
E01009268,Birmingham 036A,52.51335086586626,-1.9497803277928412,1471
E01009269,Birmingham 034B,52.513977280266566,-1.9431259398958372,1555
E01009270,Birmingham 034C,52.50979899721127,-1.9339964799855796,2017
E01009271,Birmingham 034D,52.51173645232309,-1.942901585618277,1579
E01009272,Birmingham 036B,52.51302503241313,-1.9542879546438514,1379
E01009273,Birmingham 034E,52.50944749470648,-1.9437568125062124,1611
E01009274,Birmingham 036C,52.50794209532411,-1.9470850037575393,2073
E01009275,Birmingham 039A,52.50632097468563,-1.9388849006474287,1745
E01009276,Birmingham 133C,52.530195772457354,-1.936914781382919,1645
E01009278,Birmingham 133D,52.523537065208316,-1.925527895922017,1734
E01009279,Birmingham 133E,52.526736325544505,-1.933882457407487,1542
E01009280,Birmingham 100A,52.43439731669942,-1.9307009585235873,1757
E01009281,Birmingham 099A,52.43202808075628,-1.9397734596887903,1567
E01009282,Birmingham 100B,52.43316964186557,-1.9223873704868646,1706
E01009283,Birmingham 079E,52.44599848576093,-1.9139596895019555,1869
E01009284,Birmingham 096A,52.440933827426896,-1.9370571190987158,4562
E01009286,Birmingham 096C,52.44114325194419,-1.927835893281829,2464
E01009288,Birmingham 100C,52.443709031520086,-1.9207275374908666,1358
E01009289,Birmingham 096E,52.44244596010631,-1.9331151621551825,2741
E01009290,Birmingham 096F,52.438865260110646,-1.9296691331150386,2462
E01009291,Birmingham 095D,52.44283255361023,-1.9610134917367381,1495
E01009292,Birmingham 099B,52.44195151234544,-1.951463824156346,1605
E01009293,Birmingham 100D,52.43589633931781,-1.9214791935256008,1545
E01009294,Birmingham 099C,52.43670229078893,-1.9549879849040923,1903
E01009295,Birmingham 099D,52.43823692132422,-1.9439770200623534,1682
E01009296,Birmingham 100E,52.43854232389354,-1.9145113543486818,1507
E01009297,Birmingham 057A,52.48520268687129,-1.7646484606749586,1798
E01009298,Birmingham 054D,52.483130896788275,-1.787533890742003,1615
E01009299,Birmingham 057B,52.48122992011151,-1.7772934228846484,1599
E01009300,Birmingham 057C,52.484207202584535,-1.7760358618488012,1955
E01009301,Birmingham 057D,52.48016028461307,-1.7642149567490417,1706
E01009302,Birmingham 069A,52.473987874021425,-1.7614387946416417,1468
E01009303,Birmingham 057E,52.477235864376084,-1.7691637711090602,1529
E01009304,Birmingham 046A,52.499160631078446,-1.7731655823849775,1853
E01009305,Birmingham 045C,52.499724862757176,-1.7894196187085625,1665
E01009306,Birmingham 046B,52.49311849631933,-1.7748779675065705,1674
E01009307,Birmingham 045D,52.49841621998107,-1.7838480896392606,1608
E01009308,Birmingham 046C,52.4968859868207,-1.7610384878870096,1884
E01009309,Birmingham 045E,52.495297011714534,-1.7788341101453888,1865
E01009310,Birmingham 046D,52.49702327820492,-1.7667995077239846,2005
E01009311,Birmingham 054E,52.485167175715,-1.7922737770710147,1618
E01009312,Birmingham 072A,52.46228514606855,-1.7928361209732613,1574
E01009313,Birmingham 076D,52.46016622311732,-1.7981002049599235,1718
E01009314,Birmingham 069B,52.46221281899515,-1.7797301793992766,2012
E01009315,Birmingham 081A,52.4566185086086,-1.7843378220250095,1840
E01009316,Birmingham 081B,52.45799255217869,-1.7916900906369935,1933
E01009317,Birmingham 081C,52.46057011080355,-1.7700044356641178,2047
E01009318,Birmingham 081D,52.45668288299732,-1.770457699597099,1595
E01009319,Birmingham 081E,52.454683853553,-1.775935509348649,1572
E01009320,Birmingham 081F,52.45260457560226,-1.777309614301303,1677
E01009321,Birmingham 069C,52.46697809908399,-1.7707573131877525,1993
E01009322,Birmingham 069D,52.468606621410196,-1.7796008780137953,1748
E01009323,Birmingham 069E,52.46540587135387,-1.784118778290648,1792
E01009324,Birmingham 072B,52.46582034343421,-1.790586303528087,1715
E01009325,Birmingham 063A,52.47041468557593,-1.8372909249018305,1968
E01009326,Birmingham 066D,52.469897598002945,-1.8322311142981913,2154
E01009327,Birmingham 139B,52.47279173140657,-1.8436301727874276,1619
E01009328,Birmingham 139C,52.47203687165861,-1.848747008833527,2394
E01009329,Birmingham 070A,52.469943806345555,-1.8540953341317727,2638
E01009331,Birmingham 139D,52.47491324042756,-1.8466438979339435,2473
E01009332,Birmingham 139E,52.47346947403903,-1.860387616276579,1951
E01009333,Birmingham 139F,52.475882054706,-1.852328427524126,1620
E01009334,Birmingham 070B,52.46917501753776,-1.8493785754022818,1829
E01009335,Birmingham 139G,52.468138598531674,-1.8440036280974674,2032
E01009337,Birmingham 070C,52.46516238738743,-1.848192708166024,1903
E01009338,Birmingham 070D,52.46262557185928,-1.8520108603969345,1813
E01009339,Birmingham 142A,52.45650362361288,-1.8594273195315787,1663
E01009341,Birmingham 066E,52.47700757577458,-1.8256783547049056,1689
E01009342,Birmingham 063D,52.477613833545135,-1.8361837903326916,1870
E01009343,Birmingham 063E,52.476629431164866,-1.842161973714034,1828
E01009344,Birmingham 139H,52.47485078608875,-1.8548022491076412,1854
E01009345,Birmingham 053D,52.490323636440884,-1.9383382168378929,2036
E01009346,Birmingham 053E,52.48829920049424,-1.9424364850730205,1695
E01009347,Birmingham 049D,52.48968678692069,-1.9202614918872944,1564
E01009348,Birmingham 047A,52.491169666101655,-1.9248911296291191,2123
E01009349,Birmingham 036D,52.50618499443722,-1.9550926414714678,1669
E01009350,Birmingham 039B,52.50685000481861,-1.9346495039923126,1620
E01009351,Birmingham 036E,52.505480513670626,-1.952020905409735,1787
E01009352,Birmingham 039C,52.50501631846729,-1.9275689357977106,1832
E01009353,Birmingham 039D,52.504861637679674,-1.9308872330476805,1689
E01009354,Birmingham 036F,52.50378637357131,-1.9471879592932018,1573
E01009355,Birmingham 039E,52.50345012483297,-1.922283445739579,1491
E01009358,Birmingham 047B,52.49874915499263,-1.9239481067606168,2226
E01009359,Birmingham 047C,52.50002650102432,-1.9328194076846104,2057
E01009360,Birmingham 047D,52.494658670986915,-1.9312239250681955,2803
E01009361,Birmingham 047E,52.495624649914895,-1.93937278228943,2174
E01009362,Birmingham 071A,52.46502847222305,-1.888290839156751,1516
E01009363,Birmingham 071B,52.46614295624342,-1.8683356922719103,1747
E01009364,Birmingham 071C,52.46818792587965,-1.884655504011533,1646
E01009365,Birmingham 071D,52.464505138625015,-1.8765033857743196,1858
E01009366,Birmingham 084A,52.460174505473326,-1.8935050509204443,1699
E01009367,Birmingham 083A,52.46066028032075,-1.88023946130852,1721
E01009368,Birmingham 077A,52.46125890176957,-1.8710396279620045,1490
E01009371,Birmingham 077D,52.45854300039766,-1.8687264577415423,1934
E01009372,Birmingham 082A,52.45886808371138,-1.864998116075328,1754
E01009373,Birmingham 082B,52.45830957768238,-1.8626256591483703,1787
E01009374,Birmingham 084B,52.45911766270539,-1.8888436910056552,1235
E01009375,Birmingham 083B,52.45849156069072,-1.8808604799161637,1974
E01009376,Birmingham 084C,52.45579360584846,-1.8881500120397072,1585
E01009377,Birmingham 083C,52.45452945745914,-1.879864950109719,1475
E01009379,Birmingham 071E,52.47188602498107,-1.8690426876686332,2007
E01009380,Birmingham 070E,52.468529182058184,-1.8605124986846244,1906
E01009382,Birmingham 142D,52.45142911599892,-1.8681083511366163,1958
E01009383,Birmingham 083D,52.451490596841985,-1.8739229440342888,1409
E01009384,Birmingham 092E,52.45145474782533,-1.8859089121387764,1317
E01009385,Birmingham 092F,52.44791932738,-1.8825885989396285,1170
E01009389,Birmingham 093B,52.44934755911742,-1.8703073330412345,1850
E01009390,Birmingham 093C,52.44711660273187,-1.8766588069990995,1554
E01009391,Birmingham 143C,52.4478675172516,-1.8589798220299563,1948
E01009392,Birmingham 142E,52.44638162286376,-1.8666891728288804,1736
E01009393,Birmingham 143D,52.44536502760257,-1.86011404302734,1899
E01009394,Birmingham 093D,52.4446650002583,-1.8714446079960199,1753
E01009395,Birmingham 097F,52.44225641125815,-1.8623744146053367,1780
E01009396,Birmingham 082D,52.454515986076075,-1.8686131163685433,2157
E01009397,Birmingham 077E,52.455656312559746,-1.8727410948094037,1722
E01009399,Birmingham 083E,52.45351199110439,-1.874812363873463,1619
E01009400,Birmingham 031E,52.51064371839492,-1.846940090030796,1645
E01009401,Birmingham 031F,52.50987762032871,-1.8533306457113452,1903
E01009403,Birmingham 020A,52.537834081951694,-1.8522503060380646,1554
E01009404,Birmingham 020B,52.53612539612767,-1.8554526916527225,1555
E01009405,Birmingham 020C,52.53127612762954,-1.8517017634384856,1465
E01009406,Birmingham 020D,52.53199614334961,-1.8578310739748707,1768
E01009407,Birmingham 020E,52.528104902877594,-1.846799544443657,1800
E01009408,Birmingham 026B,52.52674457003877,-1.857584030237719,1798
E01009409,Birmingham 026C,52.523721513684855,-1.8479346623426565,1949
E01009410,Birmingham 026D,52.52336920966444,-1.8634898259288362,1927
E01009411,Birmingham 030B,52.51910146010694,-1.870662426993841,1892
E01009412,Birmingham 030C,52.51953016209629,-1.8591290006696255,1817
E01009413,Birmingham 030D,52.51478732943437,-1.8556539350219878,1871
E01009414,Birmingham 030E,52.51588211291926,-1.860366833322909,2411
E01009415,Birmingham 002A,52.594475207067866,-1.8347577771244397,1736
E01009416,Birmingham 003A,52.591569712061286,-1.807306785878498,2787
E01009417,Birmingham 001A,52.59261032450492,-1.849127873555043,1618
E01009418,Birmingham 001B,52.59711109423365,-1.8415183874107697,1591
E01009419,Birmingham 001C,52.59842887510859,-1.8502827332356626,1448
E01009420,Birmingham 003B,52.59056191487449,-1.8163642123026478,1742
E01009421,Birmingham 004A,52.591870167245446,-1.85792960636352,1722
E01009422,Birmingham 002B,52.589569854403294,-1.8417318991848597,2013
E01009423,Birmingham 002C,52.59036136819979,-1.8237923084104242,1645
E01009424,Birmingham 004B,52.56581150705442,-1.8205473000687469,1604
E01009425,Birmingham 002D,52.58718803652562,-1.8321484691946568,1712
E01009426,Birmingham 003C,52.58651632580339,-1.8131253284871016,1499
E01009427,Birmingham 004C,52.57758840515598,-1.8296134904924215,1510
E01009428,Birmingham 004D,52.573911942876094,-1.8142993542706756,1710
E01009429,Birmingham 003D,52.58344532607493,-1.8186379525936271,1474
E01009430,Birmingham 004E,52.57143782291255,-1.8310946210881225,1734
E01009431,Birmingham 003E,52.58102868098049,-1.8251373912789384,1737
E01009432,Birmingham 006A,52.56443041349228,-1.8087723480903735,1498
E01009433,Birmingham 001D,52.60256729309348,-1.843404147912035,1794
E01009434,Birmingham 012A,52.549815127582704,-1.7931398966938497,1684
E01009435,Birmingham 006B,52.55169572777901,-1.799969261431806,1706
E01009436,Birmingham 012B,52.543566325834526,-1.7944717438709528,1433
E01009437,Birmingham 006C,52.54478064160479,-1.8015174149315973,1853
E01009438,Birmingham 012C,52.53900437066427,-1.7880219386547724,1308
E01009439,Birmingham 021A,52.53560042209737,-1.8014661024763587,1462
E01009440,Birmingham 012D,52.53690095090115,-1.7946648170140975,1531
E01009441,Birmingham 021B,52.53034954629492,-1.7709306105509257,1552
E01009442,Birmingham 021C,52.531381404394324,-1.7950717930945224,1511
E01009443,Birmingham 021D,52.532790135823326,-1.785966864976256,1184
E01009444,Birmingham 006D,52.5720838474138,-1.805753917342501,1503
E01009445,Birmingham 005A,52.565636556983584,-1.7893569340856723,1869
E01009446,Birmingham 005B,52.570164554638524,-1.7993249220166978,2566
E01009447,Birmingham 005C,52.56506373085755,-1.7986189880354484,1666
E01009448,Birmingham 005D,52.56465281300291,-1.7849357558415118,1710
E01009449,Birmingham 009A,52.56069750666027,-1.826679442278002,2227
E01009450,Birmingham 012E,52.55844256848734,-1.789558186267212,1597
E01009451,Birmingham 009B,52.55972241541506,-1.8177207204182044,1468
E01009452,Birmingham 005E,52.560721256953855,-1.7967889977868188,1691
E01009453,Birmingham 009C,52.554804806277296,-1.81958618934433,1370
E01009454,Birmingham 006E,52.556990447254705,-1.8086507519197486,1409
E01009455,Birmingham 005F,52.556521653646406,-1.7966761224335392,1323
E01009456,Birmingham 018C,52.54526293466868,-1.8363937828010757,1747
E01009457,Birmingham 015A,52.5466668124584,-1.819297324254707,1477
E01009458,Birmingham 018D,52.5424769466607,-1.8450690692803573,1451
E01009459,Birmingham 015B,52.543337693437536,-1.8295858983038171,1581
E01009460,Birmingham 018E,52.53853020818447,-1.839208874399414,1543
E01009461,Birmingham 015C,52.53519512228115,-1.8158075470462833,1348
E01009462,Birmingham 018F,52.537226334047375,-1.8307398205291032,1629
E01009463,Birmingham 015D,52.5381689661192,-1.8236391085520858,1570
E01009464,Birmingham 007B,52.564678207512145,-1.8834674828638307,1466
E01009465,Birmingham 007C,52.55989420557133,-1.8777568730101908,1408
E01009466,Birmingham 009D,52.55041910447603,-1.8325413989913253,1678
E01009467,Birmingham 007D,52.55529437793999,-1.8702845366674838,1563
E01009468,Birmingham 004F,52.55318398054442,-1.8370887233293642,1504
E01009469,Birmingham 010B,52.553437804754005,-1.8626120950254133,1413
E01009470,Birmingham 010C,52.552744108848515,-1.8527429153951125,1439
E01009471,Birmingham 009E,52.550715926956705,-1.825032370415481,1782
E01009472,Birmingham 010D,52.5478027035638,-1.8502780206564895,1660
E01009473,Birmingham 010E,52.54822851591627,-1.8590766875311278,1587
E01009474,Birmingham 010F,52.547329963416544,-1.8437749703877935,1532
E01009475,Birmingham 055A,52.48348808676173,-1.8266471931370245,2342
E01009476,Birmingham 055B,52.48265824902175,-1.8322371782095868,2116
E01009477,Birmingham 055C,52.482320333723926,-1.8237573238913316,1867
E01009478,Birmingham 048A,52.497237429032715,-1.8345624543301369,2135
E01009479,Birmingham 048B,52.49702227321065,-1.8467072954457422,2205
E01009480,Birmingham 044C,52.498991838364105,-1.8313137953870255,2104
E01009481,Birmingham 044D,52.494533378533944,-1.825412361936193,2789
E01009482,Birmingham 048C,52.49538203326832,-1.8550522743182938,1729
E01009483,Birmingham 051B,52.49193503354223,-1.8549222440101136,2093
E01009484,Birmingham 048D,52.49467072611555,-1.8499526897843348,1822
E01009485,Birmingham 048E,52.49245299739992,-1.8451213938371729,2073
E01009486,Birmingham 044E,52.493074149493246,-1.8311192625132333,2266
E01009487,Birmingham 044F,52.49128595448019,-1.8273687806889267,2234
E01009488,Birmingham 051C,52.4890342658187,-1.8362517394257685,2571
E01009489,Birmingham 051D,52.49112186004742,-1.8500631842091644,2068
E01009490,Birmingham 055D,52.48899229111911,-1.8201277005407235,2217
E01009491,Birmingham 051E,52.4891792531779,-1.8437786317828724,2182
E01009492,Birmingham 055E,52.48734018103902,-1.8290091475485222,2021
E01009493,Birmingham 113D,52.427749887895835,-1.9562554026449075,1942
E01009494,Birmingham 109A,52.42643699091489,-1.9696661584081832,1730
E01009495,Birmingham 106E,52.426878154385456,-1.9826331285107732,1300
E01009496,Birmingham 109B,52.4222622258559,-1.9701942820711444,1408
E01009497,Birmingham 109C,52.41819522890228,-1.9751464294140946,1746
E01009498,Birmingham 119D,52.41637643928507,-1.9814441034851449,1747
E01009499,Birmingham 119E,52.41299696769406,-1.9794662969420307,1708
E01009500,Birmingham 095E,52.442242661391056,-1.9743273763955516,1560
E01009501,Birmingham 101B,52.43573080637763,-1.9702574849569623,1541
E01009502,Birmingham 101C,52.43692097075419,-1.9740171053728028,1432
E01009503,Birmingham 101D,52.43606653224881,-1.96470583468154,1525
E01009504,Birmingham 109D,52.43204456604076,-1.9609726001017689,1599
E01009505,Birmingham 101E,52.43120588246871,-1.9719340337306674,1684
E01009506,Birmingham 109E,52.42810594213605,-1.9650604834212426,1532
E01009507,Birmingham 056B,52.48384742600505,-1.813630120837442,1549
E01009508,Birmingham 056C,52.480245887935496,-1.7999879032431092,1684
E01009509,Birmingham 056D,52.48072843945661,-1.8116073192336757,2073
E01009510,Birmingham 056E,52.482076870833644,-1.804329408187866,1839
E01009511,Birmingham 054F,52.48025184558551,-1.791857620144919,1679
E01009512,Birmingham 062A,52.4742558709281,-1.7829050331402447,2053
E01009513,Birmingham 066F,52.47688704019547,-1.8160404411980104,2141
E01009514,Birmingham 062B,52.476697806621964,-1.7917756532334488,1739
E01009515,Birmingham 067C,52.47573513904943,-1.8081161744692222,1676
E01009516,Birmingham 062C,52.47542742843176,-1.7955999861037897,1435
E01009517,Birmingham 062D,52.4716012251149,-1.7883301497619424,1997
E01009518,Birmingham 067D,52.471673422845804,-1.8031251843351705,1725
E01009519,Birmingham 072C,52.46870144775237,-1.7951530720737667,1469
E01009520,Birmingham 072D,52.46602953490664,-1.8006662865533776,1781
E01009521,Birmingham 067E,52.46761090795481,-1.8065221238674052,1725
E01032589,Birmingham 132E,52.42235200294201,-1.8341383752876261,1523
E01032591,Birmingham 133F,52.525365464485404,-1.9393404180410316,1567
E01033557,Birmingham 134B,52.47432360011565,-1.9079102560693875,2146
E01033559,Birmingham 049E,52.489482178408856,-1.9100972985250033,1677
E01033561,Birmingham 050E,52.484898175519014,-1.8835707232566024,2887
E01033562,Birmingham 087F,52.44961736252282,-1.9476788587453038,2442
E01033564,Birmingham 136C,52.47611129099484,-1.9189591981124774,1226
E01033565,Birmingham 137B,52.48243980541057,-1.9123581356413621,1550
E01033567,Birmingham 135B,52.473670199588874,-1.8973882115480136,1274
E01033615,Birmingham 135C,52.47476097181142,-1.8979770393058009,1525
E01033616,Birmingham 135D,52.47423515051991,-1.9013969200458187,1403
E01033617,Birmingham 050F,52.485716834433525,-1.8918147693323781,6159
E01033618,Birmingham 137C,52.47820853119716,-1.918367494606339,1212
E01033620,Birmingham 138A,52.47949363039777,-1.8995141052533757,1236
E01033622,Birmingham 138B,52.48334127661874,-1.9056002231296525,1907
E01033623,Birmingham 138C,52.486107741651935,-1.90621889729548,1480
E01033624,Birmingham 134C,52.47066882230306,-1.9057190628042886,1599
E01033625,Birmingham 138D,52.47746009114633,-1.904657915012892,1867
E01033626,Birmingham 134D,52.47130011677452,-1.9095705061229167,1259
E01033627,Birmingham 137E,52.48170587239821,-1.917622321953594,1077
E01033629,Birmingham 106F,52.43594937329919,-1.9935740731153029,2581
E01033630,Birmingham 031H,52.521682340698376,-1.8528797176354572,1192
E01033638,Birmingham 049F,52.49543963612325,-1.9112318255726124,1937
E01033640,Birmingham 134E,52.469570241897664,-1.9001094218126222,2353
E01033642,Birmingham 063F,52.469790965095,-1.8409041052159587,3439
E01033643,Birmingham 082F,52.45352780344289,-1.8624461987893186,3309
E01033646,Birmingham 031I,52.51816938077564,-1.8512203737185267,1874
E01033648,Birmingham 084F,52.45163064425577,-1.8806322325122822,2720
E01033649,Birmingham 058F,52.4821689985755,-1.8463206644834378,2032
E01033650,Birmingham 077F,52.46179791798411,-1.8658218012801582,2923
E01034913,Birmingham 014F,52.53764476269031,-1.8697894840586797,1126
E01034914,Birmingham 014G,52.535062732788106,-1.8658123389517212,1960
E01034915,Birmingham 023G,52.53173036668674,-1.833009036320835,1916
E01034916,Birmingham 023H,52.525553027786245,-1.8320050498769593,1493
E01034917,Birmingham 035H,52.51256112153251,-1.9073554839330555,1663
E01034918,Birmingham 035I,52.51100486056119,-1.901516991761307,1737
E01034919,Birmingham 037G,52.50842402568542,-1.8895105432622312,1698
E01034920,Birmingham 037H,52.50531578633979,-1.8904826088938866,1856
E01034921,Birmingham 039I,52.50234124015273,-1.937341028642539,1417
E01034922,Birmingham 039J,52.50097783571415,-1.9402703082384112,1591
E01034923,Birmingham 041H,52.50499386825118,-1.8975650234421206,1780
E01034924,Birmingham 041I,52.503306791664485,-1.8910824425558985,1572
E01034925,Birmingham 041J,52.50126760000753,-1.9008974413540558,1609
E01034926,Birmingham 041K,52.50047966284222,-1.8924086017497435,1514
E01034927,Birmingham 043D,52.49130178796448,-1.8739033412183683,1786
E01034928,Birmingham 043E,52.49403688120335,-1.8743863552412485,1492
E01034929,Birmingham 050G,52.492818803879096,-1.903890046501629,1533
E01034930,Birmingham 050H,52.48766252374225,-1.898689119932313,2612
E01034931,Birmingham 051F,52.48633275184615,-1.8459733826981466,1919
E01034932,Birmingham 051G,52.48680966569333,-1.8508798271177234,1616
E01034933,Birmingham 052G,52.48938711507357,-1.8579525200217983,1499
E01034934,Birmingham 052H,52.486982817242044,-1.8598051725027105,1641
E01034935,Birmingham 058G,52.480389377869,-1.8508245946374353,3369
E01034936,Birmingham 079G,52.463231137728094,-1.9226882482988272,2590
E01034937,Birmingham 079H,52.45794613485297,-1.9251948282664462,2535
E01034938,Birmingham 088F,52.45695475918515,-1.8980976564305048,1886
E01034939,Birmingham 088G,52.45549383211164,-1.8945060652746455,1654
E01034940,Birmingham 096H,52.445974030578654,-1.9334335824625268,2684
E01034941,Birmingham 096I,52.4448833473283,-1.9291629095513245,2135
E01034942,Birmingham 125H,52.405840508610524,-2.0000652560334187,1913
E01034943,Birmingham 125I,52.404333996529836,-2.013318966883156,1660
E01034944,Birmingham 129E,52.39298094489433,-1.989109800230951,1461
E01034945,Birmingham 129F,52.38827889767146,-1.985073242344241,1498
E01034946,Birmingham 135E,52.471684018066505,-1.8830380980864991,1150
E01034947,Birmingham 135F,52.46939578606808,-1.8898058219959506,1803
E01034948,Birmingham 136E,52.47523309250542,-1.917415937625815,1901
E01034949,Birmingham 136F,52.47370460691829,-1.9219764530522536,1373
E01034950,Birmingham 137F,52.485720695808205,-1.9167068174055772,1212
E01034951,Birmingham 137G,52.48528361436737,-1.9146722983881395,1143
E01034952,Birmingham 142B,52.45410342218038,-1.8492811071657445,1293
E01034953,Birmingham 142C,52.450732935861296,-1.8604961712994006,1580
E01034954,Birmingham 143A,52.45197262800087,-1.8480510360450684,1709
E01034955,Birmingham 143B,52.44684527435228,-1.852711799442374,2215
